advertiserNumber,advertiserCategoryIndex,budget,CPAConstraint,timeStepIndex,pValue,leastWinningCost,conversionAction
103,4,50000,181.24,40,4.4e-05,0.0067,0
103,4,50000,181.24,21,0.038665,8.9024,0
103,4,50000,181.24,23,0.003572,0.5313,0
103,4,50000,181.24,18,0.004836,1.213,0
103,4,50000,181.24,36,0.033108,3.8963,0
103,4,50000,181.24,29,0.006878,1.3818,0
103,4,50000,181.24,5,0.002966,0.5633,0
103,4,50000,181.24,5,0.011652,2.3336,0
103,4,50000,181.24,34,0.001543,0.3549,0
103,4,50000,181.24,46,0.001178,0.1493,0
103,4,50000,181.24,22,0.02485,2.4431,0
103,4,50000,181.24,22,0.00795,1.6315,0
103,4,50000,181.24,38,0.015016,1.7625,0
103,4,50000,181.24,32,0.030421,4.5642,0
103,4,50000,181.24,1,0.016194,1.929,0
103,4,50000,181.24,33,0.012182,1.9712,0
103,4,50000,181.24,34,0.016226,1.9436,0
103,4,50000,181.24,36,0.012932,3.2682,0
103,4,50000,181.24,19,0.011307,1.1675,0
103,4,50000,181.24,37,0.000407,0.0557,0
103,4,50000,181.24,46,0.002231,0.3319,0
103,4,50000,181.24,30,0.00481,1.1248,0
103,4,50000,181.24,13,0.003818,0.6852,0
103,4,50000,181.24,0,0.00262,0.3403,0
103,4,50000,181.24,43,0.012128,2.207,0
103,4,50000,181.24,7,0.072688,14.0354,0
103,4,50000,181.24,31,0.013541,2.089,0
103,4,50000,181.24,31,0.002806,0.697,0
103,4,50000,181.24,7,0.013013,2.7925,0
103,4,50000,181.24,5,0.0162,1.5421,0
103,4,50000,181.24,38,0.011679,1.9085,0
103,4,50000,181.24,18,0.037755,6.2106,0
103,4,50000,181.24,32,0.035718,9.1713,0
103,4,50000,181.24,32,0.027245,7.2739,0
103,4,50000,181.24,47,0.034472,5.7553,0
103,4,50000,181.24,40,0.008853,0.9874,0
103,4,50000,181.24,47,0.008965,0.955,0
103,4,50000,181.24,34,0.045056,8.3324,0
103,4,50000,181.24,17,0.020825,5.5268,0
103,4,50000,181.24,2,0.027222,5.6354,0
103,4,50000,181.24,16,0.032432,7.1585,0
103,4,50000,181.24,7,0.04621,7.2782,0
103,4,50000,181.24,5,0.003458,0.4536,0
103,4,50000,181.24,43,0.020413,1.8633,0
103,4,50000,181.24,35,0.008554,0.8937,0
103,4,50000,181.24,35,0.01203,1.3008,0
103,4,50000,181.24,26,0.00486,1.0027,0
103,4,50000,181.24,39,0.008175,1.6861,0
103,4,50000,181.24,41,0.061255,6.7117,0
103,4,50000,181.24,35,0.008924,2.1282,0
103,4,50000,181.24,1,0.008784,2.22,0
103,4,50000,181.24,16,0.095339,15.7862,0
103,4,50000,181.24,34,0.03158,7.3291,0
103,4,50000,181.24,31,0.018154,2.4165,0
103,4,50000,181.24,30,0.010517,1.1493,0
103,4,50000,181.24,17,0.003072,0.5419,0
103,4,50000,181.24,9,0.063964,10.4641,0
103,4,50000,181.24,47,0.012583,1.5155,0
103,4,50000,181.24,6,0.010947,1.3172,0
103,4,50000,181.24,18,0.010695,1.9891,0
103,4,50000,181.24,1,0.003332,0.5687,0
103,4,50000,181.24,39,0.002103,0.5668,0
103,4,50000,181.24,36,0.009392,2.1302,0
103,4,50000,181.24,37,0.003318,0.4106,0
103,4,50000,181.24,20,0.006985,1.8418,0
103,4,50000,181.24,12,0.053666,10.697,1
103,4,50000,181.24,7,0.020603,3.9951,0
103,4,50000,181.24,11,0.162842,32.8137,0
103,4,50000,181.24,23,0.00062,0.1195,0
103,4,50000,181.24,2,0.00649,1.3974,0
103,4,50000,181.24,18,0.002532,0.6049,0
103,4,50000,181.24,26,0.003249,0.3786,0
103,4,50000,181.24,32,0.003119,0.2884,0
103,4,50000,181.24,12,0.031508,7.0243,0
103,4,50000,181.24,41,0.012858,1.3,0
103,4,50000,181.24,25,0.041304,8.6584,0
103,4,50000,181.24,27,0.002324,0.3009,0
103,4,50000,181.24,42,0.020416,3.9582,0
103,4,50000,181.24,43,0.017403,4.1575,0
103,4,50000,181.24,11,0.02071,2.5997,0
103,4,50000,181.24,19,0.02301,2.6174,0
103,4,50000,181.24,2,0.01516,2.0311,0
103,4,50000,181.24,5,0.018563,4.8315,0
103,4,50000,181.24,7,0.002565,0.5345,0
103,4,50000,181.24,8,0.041114,6.7805,0
103,4,50000,181.24,32,0.006822,0.888,0
103,4,50000,181.24,11,0.05985,11.95,0
103,4,50000,181.24,18,0.007469,1.751,0
103,4,50000,181.24,25,0.007488,1.2944,0
103,4,50000,181.24,44,0.006266,1.2104,0
103,4,50000,181.24,0,0.036659,8.4695,0
103,4,50000,181.24,11,0.021621,4.0445,0
103,4,50000,181.24,5,0.033913,7.3236,0
103,4,50000,181.24,21,0.026046,6.8654,0
103,4,50000,181.24,34,0.012197,2.6958,0
103,4,50000,181.24,33,0.00084,0.2113,0
103,4,50000,181.24,10,0.04434,5.958,0
103,4,50000,181.24,24,0.043991,8.6257,0
103,4,50000,181.24,14,0.070332,14.0998,0
103,4,50000,181.24,23,0.005316,0.9966,0
103,4,50000,181.24,8,0.023412,4.3437,0
103,4,50000,181.24,21,0.006288,1.0039,0
103,4,50000,181.24,17,0.079609,13.2761,0
103,4,50000,181.24,44,0.069796,13.2921,0
103,4,50000,181.24,8,0.014119,2.8161,0
103,4,50000,181.24,43,0.03155,2.8764,0
103,4,50000,181.24,3,0.007444,1.9324,0
103,4,50000,181.24,8,0.000769,0.1048,0
103,4,50000,181.24,19,0.001444,0.3109,0
103,4,50000,181.24,3,0.011693,2.811,0
103,4,50000,181.24,41,0.001034,0.276,0
103,4,50000,181.24,21,0.007877,1.1631,0
103,4,50000,181.24,42,0.019799,2.4866,0
103,4,50000,181.24,10,0.00576,1.4527,0
103,4,50000,181.24,15,0.009842,0.9255,0
103,4,50000,181.24,15,0.001553,0.2656,0
103,4,50000,181.24,37,0.037102,4.2942,0
103,4,50000,181.24,16,0.005291,1.1343,0
103,4,50000,181.24,36,0.022507,2.1748,0
103,4,50000,181.24,21,0.003438,0.9141,0
103,4,50000,181.24,11,0.007477,1.1548,0
103,4,50000,181.24,20,0.029042,3.2496,0
103,4,50000,181.24,2,0.007012,0.6648,0
103,4,50000,181.24,38,0.033389,3.3849,1
103,4,50000,181.24,5,0.008028,1.4007,0
103,4,50000,181.24,3,0.001279,0.3464,0
103,4,50000,181.24,13,5.9e-05,0.0063,0
103,4,50000,181.24,29,0.001774,0.2626,0
103,4,50000,181.24,37,0.015969,2.3803,0
103,4,50000,181.24,19,0.000966,0.2054,0
103,4,50000,181.24,27,0.01106,2.1852,0
103,4,50000,181.24,30,0.025634,6.8648,0
103,4,50000,181.24,13,0.001104,0.292,0
103,4,50000,181.24,38,0.001372,0.2285,0
103,4,50000,181.24,31,0.021727,2.8744,0
103,4,50000,181.24,38,0.008877,1.7036,0
103,4,50000,181.24,24,0.021432,5.4462,0
103,4,50000,181.24,28,0.055038,11.8585,0
103,4,50000,181.24,25,0.015717,3.8261,0
103,4,50000,181.24,33,0.023428,4.6227,0
103,4,50000,181.24,26,0.011462,3.0827,0
103,4,50000,181.24,11,0.004803,1.0692,0
103,4,50000,181.24,16,0.042581,6.5566,0
103,4,50000,181.24,47,0.010222,2.4243,0
103,4,50000,181.24,8,0.007777,1.8627,0
103,4,50000,181.24,30,0.00849,0.9317,0
103,4,50000,181.24,39,0.022913,3.7424,0
103,4,50000,181.24,10,0.000711,0.1607,0
103,4,50000,181.24,23,0.008708,0.9077,0
103,4,50000,181.24,41,0.036393,9.8188,0
103,4,50000,181.24,26,0.020939,2.2952,0
103,4,50000,181.24,29,0.001414,0.1287,0
103,4,50000,181.24,5,0.012912,2.8759,0
103,4,50000,181.24,13,0.033529,3.6727,0
103,4,50000,181.24,28,0.009435,2.3204,0
103,4,50000,181.24,45,0.010227,2.7387,0
103,4,50000,181.24,42,0.004207,0.5418,0
103,4,50000,181.24,11,0.008847,1.6541,0
103,4,50000,181.24,12,0.028154,3.8702,0
103,4,50000,181.24,34,0.004973,1.317,0
103,4,50000,181.24,41,0.014274,2.1769,0
103,4,50000,181.24,29,0.020451,2.8758,0
103,4,50000,181.24,42,0.035068,8.5627,0
103,4,50000,181.24,11,0.005395,1.0065,0
103,4,50000,181.24,5,0.004966,0.4578,0
103,4,50000,181.24,15,0.004223,0.883,0
103,4,50000,181.24,41,0.013866,2.2835,0
103,4,50000,181.24,5,0.003019,0.5811,0
103,4,50000,181.24,15,0.021825,3.2788,0
103,4,50000,181.24,29,0.033131,3.2546,0
103,4,50000,181.24,38,0.040374,10.4023,0
103,4,50000,181.24,26,0.023437,3.9953,1
103,4,50000,181.24,41,0.001329,0.239,0
103,4,50000,181.24,44,0.01158,1.4319,0
103,4,50000,181.24,2,0.038867,8.3424,0
103,4,50000,181.24,41,0.043859,9.969,0
103,4,50000,181.24,39,0.033115,3.9687,0
103,4,50000,181.24,44,0.001252,0.1282,0
103,4,50000,181.24,15,0.030677,3.9365,0
103,4,50000,181.24,18,0.031306,3.1216,0
103,4,50000,181.24,11,0.00276,0.5155,0
103,4,50000,181.24,9,0.00093,0.1209,0
103,4,50000,181.24,9,0.008669,1.9756,0
103,4,50000,181.24,40,0.002993,0.3326,0
103,4,50000,181.24,40,0.041535,7.4552,0
103,4,50000,181.24,9,0.011121,1.6297,0
103,4,50000,181.24,7,0.007777,1.389,0
103,4,50000,181.24,21,0.030133,3.8035,0
103,4,50000,181.24,9,0.001762,0.2647,0
103,4,50000,181.24,17,0.004877,1.2256,0
103,4,50000,181.24,40,0.050087,11.4777,0
103,4,50000,181.24,28,0.019017,2.9366,0
103,4,50000,181.24,29,0.022346,4.1946,0
103,4,50000,181.24,27,0.022295,3.0292,0
103,4,50000,181.24,15,0.015174,1.9704,0
103,4,50000,181.24,10,0.023454,3.979,0
103,4,50000,181.24,26,0.099268,26.0925,0
103,4,50000,181.24,30,0.043929,10.4173,0
103,4,50000,181.24,24,0.001412,0.1394,0
103,4,50000,181.24,14,0.004799,0.9722,0
103,4,50000,181.24,12,0.014234,1.3985,0
103,4,50000,181.24,9,0.000982,0.1173,0
103,4,50000,181.24,30,0.012376,2.9037,0
103,4,50000,181.24,42,0.006278,1.0626,0
103,4,50000,181.24,13,0.035059,5.7725,0
103,4,50000,181.24,2,0.013925,3.3896,0
103,4,50000,181.24,42,0.000742,0.1754,0
103,4,50000,181.24,1,0.005202,0.5938,0
103,4,50000,181.24,8,0.043257,8.7113,0
103,4,50000,181.24,4,0.008972,1.1714,0
103,4,50000,181.24,38,0.023714,4.1174,0
103,4,50000,181.24,25,0.002306,0.5777,0
103,4,50000,181.24,23,0.02495,4.8112,0
103,4,50000,181.24,43,0.008259,1.3072,0
103,4,50000,181.24,21,0.038913,4.528,1
103,4,50000,181.24,27,0.104346,16.7052,0
103,4,50000,181.24,9,0.008264,1.7058,0
103,4,50000,181.24,0,0.0182,3.9492,0
103,4,50000,181.24,17,0.00406,0.8096,0
103,4,50000,181.24,8,0.040965,4.4308,0
103,4,50000,181.24,44,0.033368,5.2662,0
103,4,50000,181.24,33,0.005183,0.5582,0
103,4,50000,181.24,5,0.039349,6.9406,0
103,4,50000,181.24,0,0.041206,4.1899,0
103,4,50000,181.24,7,0.000496,0.0749,0
103,4,50000,181.24,8,0.005534,1.3167,0
103,4,50000,181.24,33,0.01091,1.8801,0
103,4,50000,181.24,28,0.00292,0.4769,0
103,4,50000,181.24,6,0.036199,8.2017,1
103,4,50000,181.24,45,0.013116,3.0957,0
103,4,50000,181.24,34,0.016619,4.3877,0
103,4,50000,181.24,2,0.000282,0.0733,0
103,4,50000,181.24,25,0.007037,1.9073,0
103,4,50000,181.24,32,0.013219,3.3989,0
103,4,50000,181.24,15,0.020903,2.8489,0
103,4,50000,181.24,18,0.01884,4.1514,1
103,4,50000,181.24,46,0.008474,0.891,0
103,4,50000,181.24,35,0.010053,2.3723,0
103,4,50000,181.24,2,0.023679,6.4058,0
103,4,50000,181.24,38,0.02633,5.9297,0
103,4,50000,181.24,31,0.023483,6.2983,0
103,4,50000,181.24,21,0.002068,0.5398,0
103,4,50000,181.24,28,0.015519,3.6171,0
103,4,50000,181.24,6,0.012599,2.5797,0
103,4,50000,181.24,38,0.046219,6.3561,0
103,4,50000,181.24,33,0.000913,0.0978,0
103,4,50000,181.24,44,0.02563,4.1844,0
103,4,50000,181.24,25,0.00867,1.4545,0
103,4,50000,181.24,9,0.041683,3.9027,0
103,4,50000,181.24,40,0.033182,8.4773,0
103,4,50000,181.24,13,0.026507,2.4071,0
103,4,50000,181.24,33,0.004,0.5019,0
103,4,50000,181.24,2,0.011163,2.915,0
103,4,50000,181.24,43,0.01162,1.6166,0
103,4,50000,181.24,18,0.000705,0.086,0
103,4,50000,181.24,29,0.00069,0.1628,0
103,4,50000,181.24,20,0.037631,8.3619,0
103,4,50000,181.24,35,0.008251,1.7844,0
103,4,50000,181.24,41,0.044885,7.4984,0
103,4,50000,181.24,5,0.005669,0.7173,0
103,4,50000,181.24,3,0.00121,0.149,0
103,4,50000,181.24,2,0.004074,0.3785,0
103,4,50000,181.24,12,0.001193,0.3169,0
103,4,50000,181.24,30,0.011118,2.6129,0
103,4,50000,181.24,36,0.010047,1.3939,0
103,4,50000,181.24,40,0.061531,13.5546,1
103,4,50000,181.24,24,0.013506,2.5665,0
103,4,50000,181.24,46,0.010119,1.9033,0
103,4,50000,181.24,43,0.009558,1.7273,0
103,4,50000,181.24,0,0.006262,0.8331,0
103,4,50000,181.24,47,0.01253,2.9008,0
103,4,50000,181.24,31,0.092855,11.0907,0
103,4,50000,181.24,33,0.078088,14.2423,0
103,4,50000,181.24,37,0.003414,0.4141,0
103,4,50000,181.24,42,0.005436,0.8377,0
103,4,50000,181.24,47,0.007508,1.3305,0
103,4,50000,181.24,33,0.011073,1.444,0
103,4,50000,181.24,45,0.002003,0.2675,0
103,4,50000,181.24,7,0.053574,9.2292,0
103,4,50000,181.24,12,0.02011,4.8333,0
103,4,50000,181.24,15,0.002055,0.2005,0
103,4,50000,181.24,12,0.007128,1.0959,0
103,4,50000,181.24,0,0.027824,4.4144,0
103,4,50000,181.24,15,0.00318,0.5279,0
103,4,50000,181.24,27,0.003833,0.6824,0
103,4,50000,181.24,45,0.026561,7.1642,0
103,4,50000,181.24,39,0.004177,0.8486,0
103,4,50000,181.24,45,0.055624,7.4838,0
103,4,50000,181.24,12,0.007495,1.1062,0
103,4,50000,181.24,42,0.004478,0.9657,0
103,4,50000,181.24,10,0.067303,18.2107,0
103,4,50000,181.24,4,0.00948,1.5931,0
103,4,50000,181.24,0,4.4e-05,0.0075,0
103,4,50000,181.24,40,0.041909,8.0992,0
103,4,50000,181.24,7,0.005419,0.5996,0
103,4,50000,181.24,32,0.014821,1.9881,0
103,4,50000,181.24,11,0.017935,2.0056,0
103,4,50000,181.24,27,0.017275,2.6807,0
103,4,50000,181.24,2,0.004393,1.1616,0
103,4,50000,181.24,17,0.001943,0.5152,0
103,4,50000,181.24,44,0.010897,1.4316,0
103,4,50000,181.24,38,0.000634,0.058,0
103,4,50000,181.24,2,0.054321,7.9126,0
103,4,50000,181.24,21,0.042113,7.1994,0
103,4,50000,181.24,29,0.00056,0.1394,0
103,4,50000,181.24,9,0.002838,0.3957,0
103,4,50000,181.24,23,0.004844,0.967,0
103,4,50000,181.24,3,0.024555,5.5378,0
103,4,50000,181.24,46,0.030741,6.1804,0
103,4,50000,181.24,31,0.007153,1.9393,0
103,4,50000,181.24,1,0.021507,5.0019,0
103,4,50000,181.24,21,0.020693,4.3167,0
103,4,50000,181.24,9,0.03766,4.9464,0
103,4,50000,181.24,7,0.009858,1.3941,0
103,4,50000,181.24,30,0.012358,2.7198,0
103,4,50000,181.24,7,0.003755,0.5473,0
103,4,50000,181.24,1,0.015551,2.3793,0
103,4,50000,181.24,16,0.001462,0.2141,0
103,4,50000,181.24,16,0.017317,4.491,0
103,4,50000,181.24,43,0.000135,0.027,0
103,4,50000,181.24,10,0.031756,7.5197,0
103,4,50000,181.24,17,0.020452,5.1035,0
103,4,50000,181.24,1,0.047828,9.7705,0
103,4,50000,181.24,10,0.004248,1.0936,0
103,4,50000,181.24,34,0.008498,1.4394,0
103,4,50000,181.24,22,0.036855,6.4652,0
103,4,50000,181.24,47,0.001308,0.1433,0
103,4,50000,181.24,39,0.054782,9.6132,0
103,4,50000,181.24,9,0.013033,2.5127,0
103,4,50000,181.24,44,0.041604,10.918,0
103,4,50000,181.24,35,0.030937,6.6083,0
103,4,50000,181.24,38,0.037036,3.3965,0
103,4,50000,181.24,31,0.099763,21.0809,0
103,4,50000,181.24,0,0.027266,6.6663,0
103,4,50000,181.24,37,0.009289,1.1049,0
103,4,50000,181.24,47,0.059411,12.4336,0
103,4,50000,181.24,10,0.003179,0.7516,0
103,4,50000,181.24,6,0.01978,5.2393,0
103,4,50000,181.24,30,0.009013,1.7322,0
103,4,50000,181.24,12,0.035652,4.1336,0
103,4,50000,181.24,29,0.007272,0.8492,0
103,4,50000,181.24,29,0.015471,1.6288,0
103,4,50000,181.24,29,0.010769,1.8941,0
103,4,50000,181.24,1,0.00531,0.6919,0
103,4,50000,181.24,7,0.00012,0.0313,0
103,4,50000,181.24,47,0.023282,5.1063,0
103,4,50000,181.24,29,0.034983,6.7292,0
103,4,50000,181.24,19,0.006894,0.7248,0
103,4,50000,181.24,30,0.015119,1.6662,1
103,4,50000,181.24,36,0.026455,3.2602,0
103,4,50000,181.24,5,0.00597,0.7935,0
103,4,50000,181.24,17,0.00422,0.3962,0
103,4,50000,181.24,16,0.012116,1.4386,0
103,4,50000,181.24,8,0.012194,2.1948,0
103,4,50000,181.24,35,0.00386,0.5356,0
103,4,50000,181.24,45,0.065545,10.014,1
103,4,50000,181.24,8,0.02322,5.3081,0
103,4,50000,181.24,47,0.002665,0.3563,0
103,4,50000,181.24,15,0.001306,0.2714,0
103,4,50000,181.24,24,0.013441,3.2523,0
103,4,50000,181.24,32,0.001432,0.3145,0
103,4,50000,181.24,27,0.033233,3.9469,0
103,4,50000,181.24,12,0.002316,0.6177,0
103,4,50000,181.24,0,0.011283,1.8328,0
103,4,50000,181.24,28,0.067754,15.6855,0
103,4,50000,181.24,25,0.020225,2.5643,0
103,4,50000,181.24,9,0.000851,0.1894,0
103,4,50000,181.24,42,0.05612,11.4414,0
103,4,50000,181.24,31,0.010835,1.802,0
103,4,50000,181.24,9,0.0365,5.8193,0
103,4,50000,181.24,23,0.01164,1.1922,0
103,4,50000,181.24,18,0.031201,5.7115,0
103,4,50000,181.24,23,0.005386,0.842,0
103,4,50000,181.24,28,0.05089,9.7966,0
103,4,50000,181.24,32,0.027037,5.9721,0
103,4,50000,181.24,28,0.010954,2.8555,0
103,4,50000,181.24,47,0.013104,2.3902,0
103,4,50000,181.24,33,0.008626,1.1519,0
103,4,50000,181.24,24,0.007108,1.2513,0
103,4,50000,181.24,30,0.042456,8.8775,1
103,4,50000,181.24,21,0.033413,8.9886,0
103,4,50000,181.24,25,0.035714,5.7822,0
103,4,50000,181.24,21,0.001917,0.2681,0
103,4,50000,181.24,46,0.00124,0.1817,0
103,4,50000,181.24,27,0.021487,5.0039,0
103,4,50000,181.24,20,0.051131,6.8791,0
103,4,50000,181.24,13,0.001553,0.2482,0
103,4,50000,181.24,41,0.006333,0.7215,0
103,4,50000,181.24,12,0.001968,0.5194,0
103,4,50000,181.24,3,0.009765,1.6317,0
103,4,50000,181.24,21,0.013786,3.6708,0
103,4,50000,181.24,2,0.034333,7.1673,0
103,4,50000,181.24,14,0.017409,3.6315,0
103,4,50000,181.24,2,0.009558,1.3263,0
103,4,50000,181.24,16,0.013382,2.1203,0
103,4,50000,181.24,34,0.005638,0.9466,0
103,4,50000,181.24,5,0.019031,3.9083,0
103,4,50000,181.24,23,0.019473,5.0937,0
103,4,50000,181.24,33,0.006562,1.5407,0
103,4,50000,181.24,44,0.020587,2.4477,0
103,4,50000,181.24,15,0.02442,2.5286,0
103,4,50000,181.24,41,0.006323,1.6391,0
103,4,50000,181.24,4,0.019139,3.6348,0
103,4,50000,181.24,21,0.002947,0.3958,0
103,4,50000,181.24,14,0.002494,0.6432,0
103,4,50000,181.24,33,0.005111,0.8908,0
103,4,50000,181.24,3,0.066352,18.0226,0
103,4,50000,181.24,24,0.018004,4.1588,0
103,4,50000,181.24,42,0.037099,7.5482,0
103,4,50000,181.24,17,0.005172,0.5255,0
103,4,50000,181.24,26,0.017948,1.7061,0
103,4,50000,181.24,27,0.041568,8.4377,0
103,4,50000,181.24,27,0.002206,0.5332,0
103,4,50000,181.24,28,0.008846,1.4072,0
103,4,50000,181.24,23,0.011588,1.7665,0
103,4,50000,181.24,16,0.032229,5.6252,0
103,4,50000,181.24,27,0.032883,6.0355,0
103,4,50000,181.24,28,0.019223,1.82,0
103,4,50000,181.24,33,0.024461,4.404,0
103,4,50000,181.24,3,0.006377,1.1091,0
103,4,50000,181.24,42,0.007077,1.185,0
103,4,50000,181.24,26,0.018864,4.9988,0
103,4,50000,181.24,43,0.000993,0.1531,0
103,4,50000,181.24,0,0.019629,4.2259,0
103,4,50000,181.24,2,0.013037,3.4434,0
103,4,50000,181.24,47,0.04902,4.4983,0
103,4,50000,181.24,6,0.003745,0.9583,0
103,4,50000,181.24,25,0.019696,2.0563,0
103,4,50000,181.24,15,0.016082,3.0499,0
103,4,50000,181.24,19,0.029559,3.8599,0
103,4,50000,181.24,3,0.021529,4.3345,0
103,4,50000,181.24,8,0.048889,8.3399,0
103,4,50000,181.24,26,0.018248,3.6469,0
103,4,50000,181.24,39,0.008512,2.0007,0
103,4,50000,181.24,24,0.006895,1.4562,0
103,4,50000,181.24,42,0.017148,4.521,0
103,4,50000,181.24,18,0.011051,1.7068,0
103,4,50000,181.24,28,0.054735,12.9397,0
103,4,50000,181.24,11,0.013748,3.3366,0
103,4,50000,181.24,16,0.007304,0.9739,1
103,4,50000,181.24,14,0.024792,4.641,0
103,4,50000,181.24,4,0.005637,1.5221,0
103,4,50000,181.24,35,0.008078,2.0899,0
103,4,50000,181.24,25,0.010223,2.1005,0
103,4,50000,181.24,18,0.041381,10.3245,0
103,4,50000,181.24,21,0.001635,0.442,0
103,4,50000,181.24,41,0.031538,5.8619,0
103,4,50000,181.24,29,0.046743,12.4532,0
103,4,50000,181.24,8,0.01904,4.7627,0
103,4,50000,181.24,1,0.02861,4.272,0
103,4,50000,181.24,44,0.031526,7.4221,0
103,4,50000,181.24,24,0.004863,1.0221,0
103,4,50000,181.24,1,0.002582,0.3484,0
103,4,50000,181.24,39,0.020994,5.7037,0
103,4,50000,181.24,18,0.03629,3.7211,0
103,4,50000,181.24,8,0.000286,0.0441,0
103,4,50000,181.24,47,0.001394,0.2425,0
103,4,50000,181.24,19,0.039245,6.7188,0
103,4,50000,181.24,22,0.037095,6.3248,0
103,4,50000,181.24,38,0.019132,2.101,0
103,4,50000,181.24,11,0.000504,0.0923,0
103,4,50000,181.24,18,0.011097,2.0061,0
103,4,50000,181.24,12,0.042315,5.9688,0
103,4,50000,181.24,45,0.019898,2.7511,0
103,4,50000,181.24,31,0.002113,0.2317,0
103,4,50000,181.24,24,0.015254,3.335,0
103,4,50000,181.24,29,0.003998,0.9487,0
103,4,50000,181.24,45,0.07437,18.8424,0
103,4,50000,181.24,16,0.019915,2.4017,0
103,4,50000,181.24,36,0.001672,0.3929,0
103,4,50000,181.24,3,0.027971,3.7515,0
103,4,50000,181.24,17,0.03052,3.4359,1
103,4,50000,181.24,4,0.003437,0.5808,0
103,4,50000,181.24,28,0.033803,9.1086,0
103,4,50000,181.24,47,0.008067,0.7457,0
103,4,50000,181.24,12,0.042854,10.5329,0
103,4,50000,181.24,7,0.001083,0.2349,0
103,4,50000,181.24,3,0.024752,4.7098,0
103,4,50000,181.24,12,0.00639,0.8688,0
103,4,50000,181.24,6,0.008494,0.9495,0
103,4,50000,181.24,46,0.026823,3.3131,0
103,4,50000,181.24,43,0.025436,2.3353,0
103,4,50000,181.24,39,0.003359,0.5663,0
103,4,50000,181.24,36,0.011548,2.2213,0
103,4,50000,181.24,38,0.013488,3.1635,0
103,4,50000,181.24,11,0.009369,2.1503,0
103,4,50000,181.24,0,0.011153,1.4665,0
103,4,50000,181.24,18,0.052171,13.5929,0
103,4,50000,181.24,19,0.022512,4.4864,0
103,4,50000,181.24,41,0.008695,1.1508,0
103,4,50000,181.24,6,0.026786,4.4405,0
103,4,50000,181.24,7,0.000568,0.0529,0
103,4,50000,181.24,15,0.017136,4.4804,0
103,4,50000,181.24,16,0.032232,8.5247,0
103,4,50000,181.24,24,0.00105,0.1883,0
103,4,50000,181.24,8,0.017118,4.6198,0
103,4,50000,181.24,18,0.025747,4.8714,0
103,4,50000,181.24,26,0.040036,7.518,0
103,4,50000,181.24,32,0.00137,0.1748,0
103,4,50000,181.24,3,0.017565,2.451,0
103,4,50000,181.24,35,0.021009,4.1492,0
103,4,50000,181.24,16,0.029806,3.1441,0
103,4,50000,181.24,15,0.000742,0.1508,0
103,4,50000,181.24,33,0.029554,6.2323,0
103,4,50000,181.24,47,0.037355,8.4025,0
103,4,50000,181.24,7,0.016944,4.328,0
103,4,50000,181.24,38,0.003861,0.9035,0
103,4,50000,181.24,27,0.042974,5.444,0
103,4,50000,181.24,42,0.007902,1.1784,0
103,4,50000,181.24,31,0.005626,0.5132,0
103,4,50000,181.24,6,7e-06,0.0009,0
103,4,50000,181.24,16,0.000382,0.0481,0
103,4,50000,181.24,10,0.003942,0.7406,0
103,4,50000,181.24,20,0.025725,4.307,0
103,4,50000,181.24,29,0.013285,2.5969,0
103,4,50000,181.24,10,0.010819,1.6495,0
103,4,50000,181.24,41,0.033254,4.3294,0
103,4,50000,181.24,9,0.001304,0.1687,0
103,4,50000,181.24,29,0.030265,5.4427,0
103,4,50000,181.24,27,0.004389,0.588,0
103,4,50000,181.24,44,0.042071,9.0309,0
103,4,50000,181.24,13,0.018292,2.977,0
103,4,50000,181.24,24,0.013458,2.443,0
103,4,50000,181.24,1,0.003821,0.8745,0
103,4,50000,181.24,42,0.003024,0.5113,0
103,4,50000,181.24,2,0.009628,1.0581,0
103,4,50000,181.24,37,0.047371,5.9173,0
103,4,50000,181.24,13,0.007763,0.7178,0
103,4,50000,181.24,36,0.034379,5.0713,0
103,4,50000,181.24,15,0.008643,1.6505,0
103,4,50000,181.24,0,0.035633,9.3266,0
103,4,50000,181.24,39,0.000512,0.1051,0
103,4,50000,181.24,15,0.010501,1.5712,0
103,4,50000,181.24,16,0.015727,2.1833,0
103,4,50000,181.24,30,0.002197,0.3611,0
103,4,50000,181.24,18,0.016383,4.3078,0
103,4,50000,181.24,25,0.023717,4.7015,0
103,4,50000,181.24,47,0.011952,2.3538,0
103,4,50000,181.24,9,0.084138,15.56,0
103,4,50000,181.24,5,0.008763,1.0923,0
103,4,50000,181.24,32,0.006989,1.147,0
103,4,50000,181.24,20,0.018589,4.3992,0
103,4,50000,181.24,37,0.004368,0.7006,0
103,4,50000,181.24,25,0.002592,0.6007,0
103,4,50000,181.24,36,0.012934,2.0922,0
103,4,50000,181.24,9,0.034539,8.2235,0
103,4,50000,181.24,14,0.002599,0.2963,0
103,4,50000,181.24,9,0.002145,0.2985,0
103,4,50000,181.24,40,0.025078,5.5114,0
103,4,50000,181.24,35,0.031813,3.0043,0
103,4,50000,181.24,35,0.006469,1.2253,0
103,4,50000,181.24,32,0.003222,0.6524,0
103,4,50000,181.24,44,0.070974,17.8023,0
103,4,50000,181.24,19,0.001643,0.239,0
103,4,50000,181.24,1,0.010697,2.8184,0
103,4,50000,181.24,1,0.012606,1.3785,0
103,4,50000,181.24,11,0.043928,11.9089,0
103,4,50000,181.24,40,0.021064,4.5436,0
103,4,50000,181.24,12,0.00368,0.8867,0
103,4,50000,181.24,8,0.012855,2.6312,0
103,4,50000,181.24,13,0.00583,1.2197,0
103,4,50000,181.24,18,0.038597,6.955,0
103,4,50000,181.24,18,0.000289,0.0312,0
103,4,50000,181.24,15,0.002329,0.2214,0
103,4,50000,181.24,33,0.006394,1.3004,0
103,4,50000,181.24,38,0.042418,8.6827,0
103,4,50000,181.24,43,0.025361,6.0053,0
103,4,50000,181.24,33,0.017131,3.8074,0
103,4,50000,181.24,32,0.002656,0.5651,0
103,4,50000,181.24,12,0.005783,1.3271,0
103,4,50000,181.24,45,0.052055,12.1946,0
103,4,50000,181.24,18,0.01148,1.6486,0
103,4,50000,181.24,12,0.003076,0.4172,0
103,4,50000,181.24,5,0.024693,5.4935,0
103,4,50000,181.24,22,0.003387,0.7255,0
103,4,50000,181.24,23,0.040647,7.9234,0
103,4,50000,181.24,44,0.007533,1.3098,0
103,4,50000,181.24,25,0.011535,2.2636,0
103,4,50000,181.24,44,0.008424,2.0655,0
103,4,50000,181.24,24,0.028184,5.7085,0
103,4,50000,181.24,10,0.001757,0.2032,0
103,4,50000,181.24,42,0.029912,6.6457,0
103,4,50000,181.24,10,0.012159,1.45,0
103,4,50000,181.24,4,0.003838,0.8676,0
103,4,50000,181.24,27,0.002228,0.3557,0
103,4,50000,181.24,44,0.008372,1.3166,0
103,4,50000,181.24,10,0.019376,4.1769,0
103,4,50000,181.24,35,0.002697,0.4751,0
103,4,50000,181.24,21,0.024838,4.9703,0
103,4,50000,181.24,3,0.011025,2.7424,0
103,4,50000,181.24,27,0.000941,0.2337,0
103,4,50000,181.24,31,0.005709,0.6479,0
103,4,50000,181.24,26,0.015629,3.0523,0
103,4,50000,181.24,18,0.018677,2.5615,0
103,4,50000,181.24,30,0.01453,3.4379,0
103,4,50000,181.24,10,0.01585,3.7655,0
103,4,50000,181.24,15,0.013854,1.7198,0
103,4,50000,181.24,34,0.002005,0.2952,0
103,4,50000,181.24,27,0.020848,4.1908,0
103,4,50000,181.24,9,0.002323,0.2411,0
103,4,50000,181.24,26,0.017524,4.6306,0
103,4,50000,181.24,31,0.012933,2.9158,0
103,4,50000,181.24,26,0.028698,5.6238,0
103,4,50000,181.24,19,0.02382,5.1012,0
103,4,50000,181.24,6,0.0004,0.0382,0
103,4,50000,181.24,45,0.004725,0.6267,0
103,4,50000,181.24,31,0.039852,8.9442,0
103,4,50000,181.24,9,0.052996,11.6395,0
103,4,50000,181.24,38,0.003408,0.4604,0
103,4,50000,181.24,9,0.020577,4.0285,0
103,4,50000,181.24,16,0.013803,2.8827,0
103,4,50000,181.24,11,0.008098,1.0463,0
103,4,50000,181.24,32,0.014013,2.08,0
103,4,50000,181.24,14,0.024714,2.6167,0
103,4,50000,181.24,39,0.009057,0.9133,0
103,4,50000,181.24,7,0.016919,3.9501,0
103,4,50000,181.24,23,0.014346,2.6588,0
103,4,50000,181.24,42,0.009024,2.2905,0
103,4,50000,181.24,25,0.000418,0.0842,0
103,4,50000,181.24,3,0.000518,0.0498,0
103,4,50000,181.24,40,0.005026,0.6178,0
103,4,50000,181.24,26,0.011049,2.1531,0
103,4,50000,181.24,45,0.019668,2.3521,0
103,4,50000,181.24,10,0.057348,11.5258,0
103,4,50000,181.24,2,0.007518,1.4306,0
103,4,50000,181.24,32,0.005833,1.4416,0
103,4,50000,181.24,38,0.023438,4.8134,0
103,4,50000,181.24,38,0.019382,3.104,0
103,4,50000,181.24,29,0.004102,0.8875,0
103,4,50000,181.24,11,0.000931,0.2415,0
103,4,50000,181.24,7,0.003256,0.7956,0
103,4,50000,181.24,28,0.005944,0.8194,0
103,4,50000,181.24,44,0.000563,0.1031,0
103,4,50000,181.24,38,0.008059,1.1067,0
103,4,50000,181.24,21,0.014922,3.6059,0
103,4,50000,181.24,45,0.006334,1.1133,0
103,4,50000,181.24,31,0.066575,6.2282,0
103,4,50000,181.24,44,0.019821,2.6467,0
103,4,50000,181.24,3,0.002031,0.3826,0
103,4,50000,181.24,39,0.001026,0.2759,0
103,4,50000,181.24,42,0.001325,0.1772,0
103,4,50000,181.24,13,0.011127,1.3021,0
103,4,50000,181.24,34,0.009635,2.4702,0
103,4,50000,181.24,25,0.00749,1.1415,0
103,4,50000,181.24,44,0.014449,3.4091,0
103,4,50000,181.24,22,0.046874,5.8071,0
103,4,50000,181.24,37,0.008487,1.0041,0
103,4,50000,181.24,14,0.01268,2.995,0
103,4,50000,181.24,35,0.024142,4.944,0
103,4,50000,181.24,13,0.030401,7.3891,0
103,4,50000,181.24,15,0.003019,0.3829,0
103,4,50000,181.24,43,0.022209,5.6949,0
103,4,50000,181.24,3,0.02314,3.7634,0
103,4,50000,181.24,36,0.0074,1.5119,0
103,4,50000,181.24,3,0.013316,2.7812,0
103,4,50000,181.24,26,0.010824,2.6101,0
103,4,50000,181.24,46,0.00861,0.9394,0
103,4,50000,181.24,37,0.025346,3.8809,0
103,4,50000,181.24,46,0.054526,11.2098,0
103,4,50000,181.24,36,0.029128,3.3947,0
103,4,50000,181.24,43,0.015543,2.1362,0
103,4,50000,181.24,2,0.049734,5.7302,0
103,4,50000,181.24,21,0.062995,7.7523,0
103,4,50000,181.24,4,0.050389,7.2751,0
103,4,50000,181.24,45,0.03491,7.5057,0
103,4,50000,181.24,5,0.001212,0.1785,0
103,4,50000,181.24,23,0.00848,1.2456,0
103,4,50000,181.24,28,0.010905,2.3892,0
103,4,50000,181.24,40,0.005043,0.663,0
103,4,50000,181.24,43,0.00856,1.8263,0
103,4,50000,181.24,20,0.005412,0.9447,0
103,4,50000,181.24,3,0.018677,4.4709,0
103,4,50000,181.24,23,0.047369,4.9701,1
103,4,50000,181.24,9,0.010285,2.3334,0
103,4,50000,181.24,15,0.044957,6.7748,0
103,4,50000,181.24,37,0.009643,1.5663,0
103,4,50000,181.24,20,0.000118,0.0172,0
103,4,50000,181.24,2,0.004436,1.1265,0
103,4,50000,181.24,10,0.017154,4.3419,0
103,4,50000,181.24,34,0.036932,7.0316,0
103,4,50000,181.24,30,0.023137,2.7542,0
103,4,50000,181.24,38,0.045468,11.085,0
103,4,50000,181.24,41,0.006591,0.7288,0
103,4,50000,181.24,0,0.038409,4.865,0
103,4,50000,181.24,45,0.094303,21.8681,0
103,4,50000,181.24,45,0.032997,6.2273,0
103,4,50000,181.24,38,0.007586,1.1237,0
103,4,50000,181.24,16,0.014097,2.9115,0
103,4,50000,181.24,20,0.046581,6.8895,0
103,4,50000,181.24,21,0.000796,0.106,0
103,4,50000,181.24,32,0.021583,3.6987,0
103,4,50000,181.24,21,0.024674,4.5655,0
103,4,50000,181.24,38,0.007417,1.8268,0
103,4,50000,181.24,29,0.007547,0.9042,0
103,4,50000,181.24,7,0.014557,1.9226,0
103,4,50000,181.24,27,0.000668,0.0607,0
103,4,50000,181.24,2,0.026946,6.5107,0
103,4,50000,181.24,3,0.023277,2.6627,0
103,4,50000,181.24,33,0.035335,3.7253,0
103,4,50000,181.24,47,0.020289,2.4147,0
103,4,50000,181.24,3,0.001501,0.2907,0
103,4,50000,181.24,32,0.007105,1.0632,0
103,4,50000,181.24,21,0.015305,2.2407,0
103,4,50000,181.24,18,0.002269,0.2632,0
103,4,50000,181.24,10,0.023795,3.4063,0
103,4,50000,181.24,29,0.009711,1.6943,0
103,4,50000,181.24,43,0.00855,1.0601,0
103,4,50000,181.24,12,0.029119,4.5688,0
103,4,50000,181.24,31,0.006826,0.9484,0
103,4,50000,181.24,43,0.053317,5.4213,0
103,4,50000,181.24,9,0.011803,1.1632,0
103,4,50000,181.24,9,0.018521,2.4286,0
103,4,50000,181.24,23,0.004645,1.2624,0
103,4,50000,181.24,7,0.009333,0.8554,0
103,4,50000,181.24,36,0.001908,0.4891,0
103,4,50000,181.24,1,0.04561,8.7774,0
103,4,50000,181.24,39,0.007353,0.9604,0
103,4,50000,181.24,31,0.01795,4.7453,0
103,4,50000,181.24,8,0.017567,2.7631,0
103,4,50000,181.24,33,0.001269,0.1605,0
103,4,50000,181.24,44,0.054184,6.0381,0
103,4,50000,181.24,0,0.014624,1.9433,0
103,4,50000,181.24,31,0.032943,7.6276,0
103,4,50000,181.24,46,0.044976,8.1737,0
103,4,50000,181.24,8,0.003722,0.9834,0
103,4,50000,181.24,20,0.018774,1.958,0
103,4,50000,181.24,31,0.031971,3.2792,0
103,4,50000,181.24,34,0.002183,0.4907,0
103,4,50000,181.24,3,0.019792,4.1686,0
103,4,50000,181.24,46,0.067945,16.3234,0
103,4,50000,181.24,26,0.005529,1.0692,0
103,4,50000,181.24,36,0.006099,0.8786,0
103,4,50000,181.24,42,0.066367,11.6959,0
103,4,50000,181.24,2,0.000505,0.1092,0
103,4,50000,181.24,35,0.006466,1.4549,0
103,4,50000,181.24,34,0.010782,2.0618,0
103,4,50000,181.24,40,0.001341,0.33,0
103,4,50000,181.24,35,0.002186,0.5044,0
103,4,50000,181.24,10,0.016372,2.0881,0
103,4,50000,181.24,4,0.002299,0.5928,0
103,4,50000,181.24,17,0.004508,0.6922,0
103,4,50000,181.24,33,0.001711,0.3663,0
103,4,50000,181.24,1,0.005052,1.3175,0
103,4,50000,181.24,23,0.029164,7.125,0
103,4,50000,181.24,2,0.007044,1.0781,0
103,4,50000,181.24,9,0.032628,3.6211,0
103,4,50000,181.24,18,0.004165,1.0649,0
103,4,50000,181.24,4,0.004267,0.8901,0
103,4,50000,181.24,44,0.00226,0.2997,0
103,4,50000,181.24,7,0.004415,0.7691,0
103,4,50000,181.24,15,0.009876,1.3215,0
103,4,50000,181.24,45,0.040466,10.3677,0
103,4,50000,181.24,35,0.015005,3.0827,0
103,4,50000,181.24,8,0.004816,1.052,0
103,4,50000,181.24,47,0.000265,0.0459,0
103,4,50000,181.24,17,0.021305,4.1241,0
103,4,50000,181.24,42,0.006922,1.7992,0
103,4,50000,181.24,2,0.002078,0.4166,0
103,4,50000,181.24,24,0.007782,2.1149,0
103,4,50000,181.24,0,0.005899,1.2834,0
103,4,50000,181.24,11,0.025908,2.5569,0
103,4,50000,181.24,18,0.00505,0.5381,0
103,4,50000,181.24,33,0.016553,2.9898,0
103,4,50000,181.24,24,0.010844,2.4059,0
103,4,50000,181.24,35,0.036599,5.6281,0
103,4,50000,181.24,11,0.004537,0.693,0
103,4,50000,181.24,45,0.011318,2.2268,0
103,4,50000,181.24,14,0.041569,7.1293,0
103,4,50000,181.24,0,0.01201,1.2497,0
103,4,50000,181.24,26,0.037969,6.0687,0
103,4,50000,181.24,36,0.004424,0.8661,0
103,4,50000,181.24,47,0.06673,12.5145,0
103,4,50000,181.24,11,0.009473,2.1094,0
103,4,50000,181.24,16,0.043973,7.6251,0
103,4,50000,181.24,35,0.018876,3.7473,0
103,4,50000,181.24,9,0.013592,1.885,0
103,4,50000,181.24,34,0.001416,0.1886,0
103,4,50000,181.24,41,0.004492,0.9328,0
103,4,50000,181.24,37,0.004076,0.9706,0
103,4,50000,181.24,3,0.001377,0.145,0
103,4,50000,181.24,33,0.007103,0.763,0
103,4,50000,181.24,6,0.019758,4.7326,0
103,4,50000,181.24,2,0.007754,1.2384,0
103,4,50000,181.24,24,0.017215,1.7597,0
103,4,50000,181.24,37,0.015629,2.7524,0
103,4,50000,181.24,3,0.06435,6.5343,1
103,4,50000,181.24,15,0.002955,0.7226,0
103,4,50000,181.24,22,0.01338,1.8408,0
103,4,50000,181.24,39,0.003517,0.6526,0
103,4,50000,181.24,30,0.006875,1.3714,0
103,4,50000,181.24,40,0.011061,2.8618,0
103,4,50000,181.24,9,0.019267,4.1034,0
103,4,50000,181.24,39,0.015911,2.6854,0
103,4,50000,181.24,25,0.014346,2.6397,0
103,4,50000,181.24,20,0.048944,7.6536,0
103,4,50000,181.24,14,0.049127,5.1452,0
103,4,50000,181.24,45,0.017163,4.5739,0
103,4,50000,181.24,14,0.002917,0.3519,0
103,4,50000,181.24,4,0.012517,3.3164,0
103,4,50000,181.24,6,0.016278,1.5851,0
103,4,50000,181.24,7,0.024014,4.2616,0
103,4,50000,181.24,13,0.017667,4.2776,0
103,4,50000,181.24,19,0.026612,5.5963,0
103,4,50000,181.24,36,0.022948,2.804,0
103,4,50000,181.24,13,0.024543,5.3697,0
103,4,50000,181.24,3,0.015279,2.3016,0
103,4,50000,181.24,5,0.018028,2.3074,0
103,4,50000,181.24,38,0.046229,8.0649,0
103,4,50000,181.24,8,0.001169,0.1599,0
103,4,50000,181.24,29,0.001236,0.1324,0
103,4,50000,181.24,36,0.041382,8.3552,0
103,4,50000,181.24,12,0.008754,1.1147,0
103,4,50000,181.24,16,0.010748,2.5669,0
103,4,50000,181.24,15,0.009016,2.3268,0
103,4,50000,181.24,7,0.037317,9.8539,0
103,4,50000,181.24,23,0.005956,1.4444,0
103,4,50000,181.24,11,0.035471,9.615,0
103,4,50000,181.24,19,0.000558,0.1404,0
103,4,50000,181.24,1,0.039737,4.4743,0
103,4,50000,181.24,44,0.017441,3.4518,0
103,4,50000,181.24,14,0.004205,0.5425,0
103,4,50000,181.24,4,0.026912,4.4846,0
103,4,50000,181.24,18,0.013867,1.8424,0
103,4,50000,181.24,1,0.039546,3.8968,0
103,4,50000,181.24,5,0.013496,1.5345,0
103,4,50000,181.24,23,0.009918,1.9905,0
103,4,50000,181.24,44,0.041307,4.241,0
103,4,50000,181.24,26,0.012088,1.9927,0
103,4,50000,181.24,29,0.014329,3.7396,0
103,4,50000,181.24,5,0.022932,6.0485,1
103,4,50000,181.24,42,0.070734,14.0502,0
103,4,50000,181.24,31,0.041779,5.2653,0
103,4,50000,181.24,7,0.00266,0.3328,0
103,4,50000,181.24,29,0.012947,1.7595,0
103,4,50000,181.24,47,0.004147,0.7987,0
103,4,50000,181.24,47,0.0286,3.7648,0
103,4,50000,181.24,8,0.005945,0.9176,0
103,4,50000,181.24,21,0.010635,1.2342,0
103,4,50000,181.24,32,0.128654,23.6043,0
103,4,50000,181.24,5,0.02081,2.8871,0
103,4,50000,181.24,39,0.006863,0.9452,0
103,4,50000,181.24,44,0.034902,9.1974,0
103,4,50000,181.24,19,0.004996,0.9258,0
103,4,50000,181.24,19,0.054019,11.6501,0
103,4,50000,181.24,43,0.004444,0.8387,0
103,4,50000,181.24,13,0.019958,4.376,0
103,4,50000,181.24,12,0.00886,2.2436,0
103,4,50000,181.24,27,0.000827,0.1778,0
103,4,50000,181.24,18,0.009198,1.3936,0
103,4,50000,181.24,6,0.01346,2.2032,0
103,4,50000,181.24,33,0.000347,0.0455,0
103,4,50000,181.24,39,0.01264,1.4133,0
103,4,50000,181.24,24,0.008764,1.5553,0
103,4,50000,181.24,5,0.096487,12.0422,0
103,4,50000,181.24,18,0.001321,0.3467,0
103,4,50000,181.24,26,0.017857,4.6098,0
103,4,50000,181.24,28,0.041375,7.4355,0
103,4,50000,181.24,31,0.108887,12.0164,0
103,4,50000,181.24,42,0.00915,2.0639,0
103,4,50000,181.24,6,0.049678,6.7362,0
103,4,50000,181.24,47,0.024587,5.1906,0
103,4,50000,181.24,44,0.019036,3.3361,0
103,4,50000,181.24,2,0.022765,4.3934,0
103,4,50000,181.24,44,0.015005,3.0933,0
103,4,50000,181.24,0,0.020368,1.9423,0
103,4,50000,181.24,19,0.016942,2.0035,0
103,4,50000,181.24,20,0.009044,0.9388,0
103,4,50000,181.24,44,0.018971,2.9142,0
103,4,50000,181.24,10,0.018169,2.4453,0
103,4,50000,181.24,14,0.015671,2.9865,0
103,4,50000,181.24,31,0.007663,1.0074,0
103,4,50000,181.24,23,0.016668,2.4111,0
103,4,50000,181.24,19,0.016651,1.694,0
103,4,50000,181.24,6,0.037598,8.767,0
103,4,50000,181.24,7,0.030059,4.3526,0
103,4,50000,181.24,8,0.025825,3.8964,0
103,4,50000,181.24,31,0.065865,16.4894,0
103,4,50000,181.24,34,0.004258,0.4842,0
103,4,50000,181.24,14,0.001146,0.1362,0
103,4,50000,181.24,26,0.020745,1.969,0
103,4,50000,181.24,28,0.059329,10.9514,1
103,4,50000,181.24,11,0.030536,6.8551,0
103,4,50000,181.24,24,0.017711,1.9188,0
103,4,50000,181.24,45,0.058235,11.7007,0
103,4,50000,181.24,21,0.014355,2.1673,0
103,4,50000,181.24,30,0.015085,3.5677,0
103,4,50000,181.24,5,0.000256,0.0572,0
103,4,50000,181.24,23,0.010524,2.3948,0
103,4,50000,181.24,17,0.000175,0.0297,0
103,4,50000,181.24,26,0.006317,1.2661,0
103,4,50000,181.24,24,0.028645,5.4944,0
103,4,50000,181.24,16,0.001488,0.3498,0
103,4,50000,181.24,40,0.037459,4.4509,0
103,4,50000,181.24,24,0.012942,3.1351,0
103,4,50000,181.24,22,0.04376,5.1533,0
103,4,50000,181.24,35,0.012576,3.388,0
103,4,50000,181.24,44,0.019586,5.2383,0
103,4,50000,181.24,44,0.038855,4.9714,0
103,4,50000,181.24,42,0.010371,1.0089,0
103,4,50000,181.24,27,0.066407,14.1599,0
103,4,50000,181.24,5,0.024318,3.1202,0
103,4,50000,181.24,42,0.000375,0.0603,0
103,4,50000,181.24,18,0.013504,2.7979,0
103,4,50000,181.24,34,0.014814,2.1275,0
103,4,50000,181.24,24,0.027096,4.699,0
103,4,50000,181.24,7,0.015988,3.581,0
103,4,50000,181.24,12,0.014442,3.9096,0
103,4,50000,181.24,34,0.001928,0.1975,0
103,4,50000,181.24,0,0.0186,2.7259,0
103,4,50000,181.24,0,0.033697,6.3036,0
103,4,50000,181.24,7,0.040136,3.6793,0
103,4,50000,181.24,38,0.024102,5.2914,0
103,4,50000,181.24,16,0.018333,3.187,0
103,4,50000,181.24,1,0.03042,5.8985,0
103,4,50000,181.24,47,0.003256,0.8531,0
103,4,50000,181.24,32,0.01867,3.3515,0
103,4,50000,181.24,11,0.009145,1.933,0
103,4,50000,181.24,44,0.004488,0.4707,0
103,4,50000,181.24,16,0.053963,11.4542,0
103,4,50000,181.24,4,0.022536,4.4639,0
103,4,50000,181.24,36,0.008575,2.2065,0
103,4,50000,181.24,27,0.002042,0.5036,0
103,4,50000,181.24,37,0.032278,8.3951,0
103,4,50000,181.24,0,0.051008,10.475,1
103,4,50000,181.24,30,0.056786,14.8039,0
103,4,50000,181.24,34,0.016433,1.6848,0
103,4,50000,181.24,22,0.03722,4.7971,0
103,4,50000,181.24,45,0.02935,3.6186,0
103,4,50000,181.24,7,0.002349,0.3103,0
103,4,50000,181.24,19,0.003048,0.7258,0
103,4,50000,181.24,46,0.003468,0.6891,0
103,4,50000,181.24,16,0.010355,1.5871,0
103,4,50000,181.24,17,0.012487,2.5777,0
103,4,50000,181.24,21,0.012383,2.5639,0
103,4,50000,181.24,6,0.008188,0.9805,0
103,4,50000,181.24,6,0.006471,1.2195,0
103,4,50000,181.24,46,0.017892,4.2817,0
103,4,50000,181.24,41,0.001811,0.2823,0
103,4,50000,181.24,19,0.060903,16.5448,1
103,4,50000,181.24,2,0.09694,22.7049,0
103,4,50000,181.24,16,0.007841,1.001,0
103,4,50000,181.24,31,0.038819,6.3564,0
103,4,50000,181.24,47,0.000867,0.1519,0
103,4,50000,181.24,8,0.009235,0.8555,0
103,4,50000,181.24,29,0.021647,3.2287,0
103,4,50000,181.24,29,0.028346,3.9626,0
103,4,50000,181.24,7,0.018905,4.3244,0
103,4,50000,181.24,5,0.031044,5.644,0
103,4,50000,181.24,6,0.017379,4.0616,0
103,4,50000,181.24,1,0.019518,3.2258,0
103,4,50000,181.24,36,0.00764,1.4016,0
103,4,50000,181.24,6,0.01025,2.5886,0
103,4,50000,181.24,27,0.011903,2.4082,0
103,4,50000,181.24,26,0.006799,1.7365,0
103,4,50000,181.24,47,0.010517,1.2145,0
103,4,50000,181.24,32,0.021783,4.1291,0
103,4,50000,181.24,45,0.002262,0.2355,0
103,4,50000,181.24,34,0.054641,12.2446,0
103,4,50000,181.24,35,0.029583,7.3314,0
103,4,50000,181.24,19,0.008307,1.0085,0
103,4,50000,181.24,37,0.018611,1.6927,0
103,4,50000,181.24,33,0.005026,0.668,0
103,4,50000,181.24,42,0.024326,3.3107,0
103,4,50000,181.24,37,0.003735,0.7449,0
103,4,50000,181.24,16,0.019053,3.7658,0
103,4,50000,181.24,30,0.000759,0.1189,0
103,4,50000,181.24,34,0.079572,14.0285,0
103,4,50000,181.24,12,0.030876,6.0388,0
103,4,50000,181.24,2,0.002467,0.6171,0
103,4,50000,181.24,21,0.024516,3.5912,0
103,4,50000,181.24,38,0.050871,5.3548,0
103,4,50000,181.24,35,0.00151,0.2404,0
103,4,50000,181.24,30,0.024218,2.7358,0
103,4,50000,181.24,47,0.032687,3.1467,0
103,4,50000,181.24,12,0.013743,2.1374,0
103,4,50000,181.24,32,0.05068,11.4445,0
103,4,50000,181.24,35,0.000485,0.0656,0
103,4,50000,181.24,45,0.003115,0.6132,0
103,4,50000,181.24,7,0.005521,1.2312,0
103,4,50000,181.24,39,0.020828,2.402,0
103,4,50000,181.24,22,0.001146,0.1542,0
103,4,50000,181.24,16,0.021623,2.4338,0
103,4,50000,181.24,1,0.003628,0.8334,0
103,4,50000,181.24,47,0.011753,2.623,0
103,4,50000,181.24,3,0.002899,0.3745,0
103,4,50000,181.24,12,0.062938,6.9365,0
103,4,50000,181.24,5,0.029994,7.8829,0
103,4,50000,181.24,47,0.047992,7.6245,0
103,4,50000,181.24,35,0.00816,0.7879,0
103,4,50000,181.24,28,0.004844,1.1122,0
103,4,50000,181.24,22,0.012103,1.156,0
103,4,50000,181.24,44,0.000249,0.0479,0
103,4,50000,181.24,18,0.020242,5.0929,0
103,4,50000,181.24,23,0.013882,1.5188,0
103,4,50000,181.24,2,0.011858,2.3255,0
103,4,50000,181.24,15,0.059283,10.5655,0
103,4,50000,181.24,19,0.016868,4.1443,0
103,4,50000,181.24,24,0.067931,6.5923,0
103,4,50000,181.24,19,0.001802,0.4332,0
103,4,50000,181.24,3,0.030803,7.0104,0
103,4,50000,181.24,46,0.005153,0.7102,0
103,4,50000,181.24,29,0.012066,1.7775,0
103,4,50000,181.24,43,0.011809,2.7917,0
103,4,50000,181.24,10,0.025605,6.2934,0
103,4,50000,181.24,30,0.027126,7.0851,0
103,4,50000,181.24,15,0.018635,3.5173,0
103,4,50000,181.24,16,0.017496,4.0164,1
103,4,50000,181.24,22,0.013715,3.184,0
103,4,50000,181.24,7,0.0018,0.3986,0
103,4,50000,181.24,22,0.065545,7.8564,0
103,4,50000,181.24,23,0.006255,1.458,0
103,4,50000,181.24,7,0.016579,2.8231,0
103,4,50000,181.24,6,0.0327,3.4159,0
103,4,50000,181.24,18,0.032689,3.2383,0
103,4,50000,181.24,1,0.002433,0.2636,0
103,4,50000,181.24,33,0.053233,5.8102,1
103,4,50000,181.24,33,0.002531,0.5473,0
103,4,50000,181.24,1,0.023196,3.2595,0
103,4,50000,181.24,30,0.063497,6.7056,0
103,4,50000,181.24,17,0.006768,1.7704,0
103,4,50000,181.24,36,0.011367,3.0543,0
103,4,50000,181.24,35,0.016788,4.092,0
103,4,50000,181.24,37,0.012469,3.2113,0
103,4,50000,181.24,25,0.015878,3.94,0
103,4,50000,181.24,27,0.011219,2.6386,0
103,4,50000,181.24,20,0.00186,0.3415,0
103,4,50000,181.24,35,0.014432,3.4718,0
103,4,50000,181.24,45,0.053903,10.7856,0
103,4,50000,181.24,46,0.041176,8.1223,0
103,4,50000,181.24,44,0.027215,5.8482,0
103,4,50000,181.24,27,0.025945,4.5422,0
103,4,50000,181.24,16,0.008583,1.1878,0
103,4,50000,181.24,33,0.023414,6.0965,0
103,4,50000,181.24,43,0.03804,9.7849,0
103,4,50000,181.24,12,0.017507,2.6393,0
103,4,50000,181.24,21,0.028822,3.6874,0
103,4,50000,181.24,39,0.013736,1.7954,0
103,4,50000,181.24,11,0.00572,0.9007,0
103,4,50000,181.24,31,0.001211,0.2929,0
103,4,50000,181.24,8,0.003852,0.8369,0
103,4,50000,181.24,6,0.006297,1.1094,0
103,4,50000,181.24,29,0.034534,4.8387,0
103,4,50000,181.24,18,0.010051,1.2652,0
103,4,50000,181.24,9,0.029428,7.6196,0
103,4,50000,181.24,12,0.048798,4.5771,0
103,4,50000,181.24,22,0.053105,9.7677,0
103,4,50000,181.24,32,0.002418,0.222,0
103,4,50000,181.24,27,0.008308,1.0137,0
103,4,50000,181.24,36,0.009022,1.0972,0
103,4,50000,181.24,2,0.016214,2.8987,0
103,4,50000,181.24,9,0.002985,0.639,0
103,4,50000,181.24,45,0.002291,0.4294,0
103,4,50000,181.24,32,0.01467,1.9189,0
103,4,50000,181.24,5,0.027547,7.0806,0
103,4,50000,181.24,3,0.039365,3.6735,0
103,4,50000,181.24,31,0.005742,0.6172,0
103,4,50000,181.24,32,0.06722,9.8309,0
103,4,50000,181.24,34,0.008965,0.9857,0
103,4,50000,181.24,34,0.002073,0.231,0
103,4,50000,181.24,24,0.011358,2.3415,0
103,4,50000,181.24,28,0.000644,0.1025,0
103,4,50000,181.24,22,0.003292,0.387,0
103,4,50000,181.24,10,0.028722,3.3483,0
103,4,50000,181.24,32,0.026447,5.6061,0
103,4,50000,181.24,7,0.011291,1.2105,0
103,4,50000,181.24,25,0.002815,0.43,0
103,4,50000,181.24,32,0.024144,5.4262,0
103,4,50000,181.24,16,0.025256,4.7364,0
103,4,50000,181.24,16,0.00725,0.798,0
103,4,50000,181.24,37,0.001495,0.3752,0
103,4,50000,181.24,11,0.002472,0.5789,0
103,4,50000,181.24,6,0.002267,0.5081,0
103,4,50000,181.24,39,0.0792,21.0691,1
103,4,50000,181.24,29,0.014584,2.3661,0
103,4,50000,181.24,5,0.041625,7.4078,0
103,4,50000,181.24,21,0.036208,5.3801,0
103,4,50000,181.24,38,0.00127,0.3168,0
103,4,50000,181.24,17,0.042367,10.4935,0
103,4,50000,181.24,45,0.028269,2.6005,0
103,4,50000,181.24,17,0.010489,2.6122,0
103,4,50000,181.24,25,0.020201,2.3759,0
103,4,50000,181.24,39,0.001468,0.3091,0
103,4,50000,181.24,43,0.008058,1.3035,0
103,4,50000,181.24,38,0.000292,0.064,0
103,4,50000,181.24,5,0.010802,1.8197,0
103,4,50000,181.24,37,0.032534,4.0112,0
103,4,50000,181.24,27,0.058298,13.8603,0
103,4,50000,181.24,21,2.7e-05,0.0053,0
103,4,50000,181.24,14,0.016623,2.0771,0
103,4,50000,181.24,32,0.017154,2.3538,0
103,4,50000,181.24,12,0.018942,2.33,0
103,4,50000,181.24,39,0.012647,2.8876,0
103,4,50000,181.24,40,0.005275,0.7845,0
103,4,50000,181.24,40,0.015233,3.6452,0
103,4,50000,181.24,14,0.042697,8.9218,0
103,4,50000,181.24,23,0.018891,4.879,0
103,4,50000,181.24,0,0.009059,0.8449,0
103,4,50000,181.24,6,0.059569,11.8936,0
103,4,50000,181.24,22,0.0083,0.9315,0
103,4,50000,181.24,9,0.000251,0.0453,0
103,4,50000,181.24,39,0.02704,2.8408,1
103,4,50000,181.24,4,0.014978,3.3316,0
103,4,50000,181.24,20,0.013944,1.6138,1
103,4,50000,181.24,15,0.011219,2.3572,0
103,4,50000,181.24,18,0.029345,6.3152,0
103,4,50000,181.24,38,0.007652,1.553,0
103,4,50000,181.24,0,0.003008,0.3818,0
103,4,50000,181.24,24,0.007795,1.711,0
103,4,50000,181.24,2,0.028469,6.4376,0
103,4,50000,181.24,8,0.016137,3.9327,0
103,4,50000,181.24,10,0.003629,0.3802,0
103,4,50000,181.24,15,0.007972,1.2275,0
103,4,50000,181.24,5,0.044153,10.4863,0
103,4,50000,181.24,10,0.032941,3.6765,0
103,4,50000,181.24,8,0.012586,3.2933,0
103,4,50000,181.24,25,0.014987,3.3149,0
103,4,50000,181.24,14,0.001725,0.2096,0
103,4,50000,181.24,33,0.014387,3.2955,0
103,4,50000,181.24,25,0.013798,1.6641,0
103,4,50000,181.24,6,0.005243,1.2369,0
103,4,50000,181.24,8,0.015776,3.4019,0
103,4,50000,181.24,30,0.00848,0.8067,0
103,4,50000,181.24,12,0.035647,6.122,0
103,4,50000,181.24,46,0.036389,6.0598,0
103,4,50000,181.24,13,0.002936,0.532,0
103,4,50000,181.24,25,0.063115,10.1105,0
103,4,50000,181.24,21,0.021447,4.9533,0
103,4,50000,181.24,7,0.014626,3.6744,0
103,4,50000,181.24,39,0.025329,4.2496,0
103,4,50000,181.24,2,0.000648,0.071,0
103,4,50000,181.24,38,0.036382,4.6976,0
103,4,50000,181.24,45,0.015528,2.1751,0
103,4,50000,181.24,45,0.011998,2.1801,0
103,4,50000,181.24,26,0.010435,1.3399,0
103,4,50000,181.24,11,0.0017,0.4086,0
103,4,50000,181.24,18,0.047258,6.8514,0
103,4,50000,181.24,45,0.046259,5.5643,0
103,4,50000,181.24,3,0.009282,1.1928,0
103,4,50000,181.24,21,0.061265,7.2988,0
103,4,50000,181.24,4,0.011182,1.3531,0
103,4,50000,181.24,4,0.002634,0.6435,0
103,4,50000,181.24,32,0.00215,0.2921,0
103,4,50000,181.24,24,0.002893,0.6182,0
103,4,50000,181.24,6,0.008054,0.8891,0
103,4,50000,181.24,18,0.025681,5.0793,0
103,4,50000,181.24,27,0.053223,6.3518,0
103,4,50000,181.24,15,0.01567,3.8351,0
103,4,50000,181.24,15,0.048454,9.0059,0
103,4,50000,181.24,19,0.000963,0.1793,0
103,4,50000,181.24,27,0.06418,6.4106,0
103,4,50000,181.24,9,0.048317,6.5614,0
103,4,50000,181.24,44,0.043315,9.8952,0
103,4,50000,181.24,43,0.015307,2.4609,0
103,4,50000,181.24,24,0.070009,16.8168,0
103,4,50000,181.24,4,0.021775,3.2234,0
103,4,50000,181.24,47,0.005527,0.5758,0
103,4,50000,181.24,24,0.009559,2.452,0
103,4,50000,181.24,22,0.018802,3.7221,0
103,4,50000,181.24,42,0.050841,10.7959,0
103,4,50000,181.24,3,0.025736,2.6713,0
103,4,50000,181.24,34,0.007505,1.6797,0
103,4,50000,181.24,41,0.002105,0.3245,0
103,4,50000,181.24,4,0.001776,0.4174,0
103,4,50000,181.24,36,0.004491,1.1028,0
103,4,50000,181.24,7,0.009243,1.0752,0
103,4,50000,181.24,22,0.004949,0.7289,0
103,4,50000,181.24,11,0.004327,1.1738,0
103,4,50000,181.24,35,0.016628,3.0819,0
103,4,50000,181.24,1,0.031179,6.0177,0
103,4,50000,181.24,9,0.055338,6.8877,0
103,4,50000,181.24,9,0.021129,5.1023,0
103,4,50000,181.24,39,0.051192,5.1209,0
103,4,50000,181.24,27,0.009555,1.8016,0
103,4,50000,181.24,32,0.023234,4.7272,0
103,4,50000,181.24,22,0.034442,4.5693,0
103,4,50000,181.24,41,0.005837,0.7024,0
103,4,50000,181.24,0,0.0103,2.7927,0
103,4,50000,181.24,34,0.009402,2.3979,0
103,4,50000,181.24,13,0.029056,6.762,0
103,4,50000,181.24,23,0.025046,5.201,0
103,4,50000,181.24,15,0.001613,0.3145,0
103,4,50000,181.24,35,0.011645,1.8794,0
103,4,50000,181.24,18,0.009641,2.2407,0
103,4,50000,181.24,46,0.040029,10.3292,0
103,4,50000,181.24,2,0.01999,5.2224,0
103,4,50000,181.24,26,0.020341,4.8248,0
103,4,50000,181.24,12,0.009745,1.4827,0
103,4,50000,181.24,36,0.005448,0.8515,0
103,4,50000,181.24,35,0.004001,0.5417,0
103,4,50000,181.24,15,0.001572,0.3798,0
103,4,50000,181.24,5,0.006974,1.5421,0
103,4,50000,181.24,40,0.017807,3.8437,0
103,4,50000,181.24,27,0.011209,2.6113,0
103,4,50000,181.24,1,0.002725,0.4419,0
103,4,50000,181.24,15,0.04761,8.0716,0
103,4,50000,181.24,10,0.006637,0.6724,0
103,4,50000,181.24,21,0.037711,7.8443,0
103,4,50000,181.24,15,0.008355,1.022,0
103,4,50000,181.24,21,0.012123,3.1152,0
103,4,50000,181.24,6,0.042804,10.7492,0
103,4,50000,181.24,0,0.002089,0.4074,0
103,4,50000,181.24,20,0.049756,6.2488,0
103,4,50000,181.24,17,0.025317,6.8163,0
103,4,50000,181.24,32,0.010558,2.1389,0
103,4,50000,181.24,22,0.029018,6.6651,0
103,4,50000,181.24,38,0.008071,1.3881,0
103,4,50000,181.24,12,0.005443,1.4233,0
103,4,50000,181.24,34,0.067901,9.589,0
103,4,50000,181.24,8,0.037971,5.2528,0
103,4,50000,181.24,11,0.014205,2.9493,0
103,4,50000,181.24,12,0.026579,6.8544,0
103,4,50000,181.24,33,0.025065,5.161,0
103,4,50000,181.24,3,0.017062,3.9373,0
103,4,50000,181.24,45,0.005542,0.8885,0
103,4,50000,181.24,34,0.027367,7.4239,0
103,4,50000,181.24,10,0.030485,5.2136,0
103,4,50000,181.24,37,0.026658,4.0191,0
103,4,50000,181.24,34,0.022969,3.6132,1
103,4,50000,181.24,8,0.00141,0.1684,0
103,4,50000,181.24,7,0.014811,2.463,0
103,4,50000,181.24,6,0.011709,1.106,0
103,4,50000,181.24,34,0.031104,5.265,0
103,4,50000,181.24,15,0.011984,2.2071,1
103,4,50000,181.24,9,0.005957,1.4067,0
103,4,50000,181.24,45,0.012519,2.5703,0
103,4,50000,181.24,44,0.006765,1.2811,0
103,4,50000,181.24,35,0.008029,1.7005,0
103,4,50000,181.24,46,0.002161,0.23,0
103,4,50000,181.24,18,0.014062,1.317,0
103,4,50000,181.24,26,0.056754,6.5978,0
103,4,50000,181.24,14,0.004693,0.6899,0
103,4,50000,181.24,32,0.00099,0.2105,0
103,4,50000,181.24,6,0.077998,19.8377,0
103,4,50000,181.24,26,0.010189,1.1669,0
103,4,50000,181.24,43,0.019733,4.7889,0
103,4,50000,181.24,41,0.011445,2.5671,0
103,4,50000,181.24,23,0.027291,3.1236,0
103,4,50000,181.24,38,0.006622,1.0621,0
103,4,50000,181.24,17,0.031534,6.0059,0
103,4,50000,181.24,45,0.003906,0.5338,0
103,4,50000,181.24,16,0.027522,3.9498,0
103,4,50000,181.24,39,0.012281,1.1379,0
103,4,50000,181.24,13,0.019153,2.1529,0
103,4,50000,181.24,0,0.018986,2.4495,0
103,4,50000,181.24,22,0.024699,4.8221,0
103,4,50000,181.24,32,0.012598,2.0108,0
103,4,50000,181.24,44,0.007398,0.9496,0
103,4,50000,181.24,23,0.012155,2.7632,0
103,4,50000,181.24,44,0.020139,2.8702,0
103,4,50000,181.24,23,0.014303,2.0171,0
103,4,50000,181.24,9,0.031758,7.2977,0
103,4,50000,181.24,32,0.011921,1.6141,0
103,4,50000,181.24,21,0.00974,2.5892,0
103,4,50000,181.24,5,0.010007,1.3367,0
103,4,50000,181.24,38,0.018283,3.3692,0
103,4,50000,181.24,8,0.011035,2.4612,0
103,4,50000,181.24,28,0.004356,1.0161,0
103,4,50000,181.24,29,0.021358,5.7327,0
103,4,50000,181.24,33,0.021765,5.231,0
103,4,50000,181.24,3,0.000819,0.2001,0
103,4,50000,181.24,44,0.003392,0.3374,0
103,4,50000,181.24,15,0.005057,1.0006,0
103,4,50000,181.24,35,0.074378,16.6761,0
103,4,50000,181.24,24,0.027078,6.3751,0
103,4,50000,181.24,25,0.004697,0.8137,0
103,4,50000,181.24,13,0.051486,7.4873,0
103,4,50000,181.24,21,0.007684,1.346,0
103,4,50000,181.24,12,0.040876,6.3715,0
103,4,50000,181.24,33,0.005648,1.0398,0
103,4,50000,181.24,13,0.031229,6.2108,0
103,4,50000,181.24,41,0.013002,1.2297,0
103,4,50000,181.24,2,0.005668,1.4026,0
103,4,50000,181.24,44,0.021883,3.8726,0
103,4,50000,181.24,13,0.056024,8.5371,0
103,4,50000,181.24,25,0.013014,2.6886,0
103,4,50000,181.24,20,0.027062,4.1295,0
103,4,50000,181.24,1,0.021895,3.2264,0
103,4,50000,181.24,10,0.022606,5.3172,0
103,4,50000,181.24,15,0.003081,0.7133,0
103,4,50000,181.24,40,0.001303,0.1667,0
103,4,50000,181.24,26,0.012549,2.9326,0
103,4,50000,181.24,0,0.059575,13.0512,0
103,4,50000,181.24,9,0.044554,4.6413,0
103,4,50000,181.24,28,0.00077,0.1808,0
103,4,50000,181.24,42,0.020022,4.9904,0
103,4,50000,181.24,41,0.025745,4.2847,0
103,4,50000,181.24,4,0.010779,2.9195,0
103,4,50000,181.24,45,0.005977,1.0868,0
103,4,50000,181.24,24,0.040043,6.6503,0
103,4,50000,181.24,1,0.010835,1.3276,0
103,4,50000,181.24,34,0.023386,4.173,0
103,4,50000,181.24,27,0.001078,0.2197,0
103,4,50000,181.24,13,0.000908,0.2457,0
103,4,50000,181.24,22,0.035083,5.1377,0
103,4,50000,181.24,47,0.035495,6.0977,0
103,4,50000,181.24,21,0.001906,0.2409,0
103,4,50000,181.24,14,0.018526,4.9565,0
103,4,50000,181.24,35,0.020207,2.9129,0
103,4,50000,181.24,43,0.011701,1.56,0
103,4,50000,181.24,41,0.008929,2.1214,0
103,4,50000,181.24,6,0.010646,2.2825,0
103,4,50000,181.24,11,0.006579,1.0426,0
103,4,50000,181.24,27,0.00184,0.357,0
103,4,50000,181.24,15,0.001845,0.3017,0
103,4,50000,181.24,46,7.4e-05,0.0094,0
103,4,50000,181.24,11,0.017427,2.6646,0
103,4,50000,181.24,17,0.030313,4.1598,0
103,4,50000,181.24,16,0.001752,0.4651,0
103,4,50000,181.24,20,0.05008,11.795,0
103,4,50000,181.24,24,0.008755,2.3234,0
103,4,50000,181.24,47,0.003905,1.0299,0
103,4,50000,181.24,41,0.037862,5.1761,0
103,4,50000,181.24,21,0.002393,0.4247,0
103,4,50000,181.24,24,0.001035,0.162,0
103,4,50000,181.24,5,0.008713,1.0085,0
103,4,50000,181.24,6,0.049798,12.5332,0
103,4,50000,181.24,4,0.0533,9.7329,0
103,4,50000,181.24,0,0.02853,7.0307,0
103,4,50000,181.24,7,0.001357,0.2146,0
103,4,50000,181.24,47,0.052372,11.3114,0
103,4,50000,181.24,23,0.086581,16.3506,0
103,4,50000,181.24,39,0.00718,1.9152,0
103,4,50000,181.24,8,0.007296,0.7928,0
103,4,50000,181.24,35,0.013053,2.7317,0
103,4,50000,181.24,10,0.002584,0.2488,0
103,4,50000,181.24,45,0.016099,3.1528,0
103,4,50000,181.24,46,0.008491,1.995,0
103,4,50000,181.24,44,0.082356,20.829,0
103,4,50000,181.24,41,0.002049,0.4981,0
103,4,50000,181.24,28,0.014351,1.4395,1
103,4,50000,181.24,31,0.02076,4.6873,0
103,4,50000,181.24,11,0.044775,4.073,0
103,4,50000,181.24,17,0.025085,2.8756,0
103,4,50000,181.24,18,0.039805,10.5019,0
103,4,50000,181.24,47,0.007701,0.993,0
103,4,50000,181.24,24,0.000507,0.0628,0
103,4,50000,181.24,30,0.033071,7.3686,0
103,4,50000,181.24,17,0.018922,4.4662,1
103,4,50000,181.24,41,0.092926,19.4346,0
103,4,50000,181.24,7,0.015201,3.4356,0
103,4,50000,181.24,36,0.010518,1.2551,0
103,4,50000,181.24,19,0.002634,0.2687,0
103,4,50000,181.24,6,0.001783,0.2396,0
103,4,50000,181.24,16,0.0205,5.0973,0
103,4,50000,181.24,16,0.018566,4.7232,0
103,4,50000,181.24,21,0.028348,7.4088,0
103,4,50000,181.24,27,0.022801,4.2903,0
103,4,50000,181.24,19,0.012735,1.6425,0
103,4,50000,181.24,37,0.087752,17.0052,0
103,4,50000,181.24,12,0.006744,0.8246,0
103,4,50000,181.24,14,0.006199,1.476,0
103,4,50000,181.24,42,0.069429,13.4022,0
103,4,50000,181.24,40,0.015473,3.2425,0
103,4,50000,181.24,7,0.029512,6.3316,0
103,4,50000,181.24,47,0.025109,3.6068,0
103,4,50000,181.24,38,0.010903,1.533,0
103,4,50000,181.24,38,0.012572,2.358,0
103,4,50000,181.24,24,0.010053,2.3635,0
103,4,50000,181.24,37,0.004192,0.67,0
103,4,50000,181.24,6,0.002158,0.517,0
103,4,50000,181.24,9,0.052203,6.4932,0
103,4,50000,181.24,15,0.013153,3.2544,0
103,4,50000,181.24,4,0.022313,5.3216,0
103,4,50000,181.24,41,0.020324,2.292,1
103,4,50000,181.24,28,0.011562,2.9966,0
103,4,50000,181.24,38,0.063737,11.8411,0
103,4,50000,181.24,12,0.000318,0.0496,0
103,4,50000,181.24,9,0.025004,4.2566,0
103,4,50000,181.24,27,0.05291,11.1393,0
103,4,50000,181.24,10,0.00456,0.9,0
103,4,50000,181.24,11,0.029457,2.6866,0
103,4,50000,181.24,33,0.00106,0.1622,0
103,4,50000,181.24,3,0.025702,5.5541,0
103,4,50000,181.24,23,0.006517,1.713,0
103,4,50000,181.24,46,0.016979,2.2735,0
103,4,50000,181.24,25,0.005528,0.7796,0
103,4,50000,181.24,21,0.02607,5.746,0
103,4,50000,181.24,24,0.001953,0.4156,0
103,4,50000,181.24,2,0.012708,2.3724,0
103,4,50000,181.24,44,0.020366,4.0255,1
103,4,50000,181.24,15,0.022412,2.3525,0
103,4,50000,181.24,27,0.019664,2.1959,0
103,4,50000,181.24,6,0.046057,8.9103,0
103,4,50000,181.24,30,0.02563,5.1065,0
103,4,50000,181.24,23,0.051469,4.9865,0
103,4,50000,181.24,6,0.015823,4.1163,0
103,4,50000,181.24,19,0.015388,3.5847,0
103,4,50000,181.24,42,0.014048,2.9038,0
103,4,50000,181.24,18,0.006793,1.6873,0
103,4,50000,181.24,14,0.007155,1.862,0
103,4,50000,181.24,16,0.013212,2.6981,0
103,4,50000,181.24,17,0.002553,0.6304,0
103,4,50000,181.24,6,0.002208,0.5032,0
103,4,50000,181.24,41,0.039124,9.4178,0
103,4,50000,181.24,22,0.032039,8.49,0
103,4,50000,181.24,11,0.003266,0.8654,0
103,4,50000,181.24,9,0.050495,12.0853,0
103,4,50000,181.24,41,0.013232,2.0999,0
103,4,50000,181.24,2,0.041807,10.9945,0
103,4,50000,181.24,25,0.006714,1.5952,0
103,4,50000,181.24,46,0.031876,4.2,0
103,4,50000,181.24,22,0.05093,13.1541,0
103,4,50000,181.24,14,0.004615,0.9498,0
103,4,50000,181.24,37,0.003444,0.7128,0
103,4,50000,181.24,33,0.013027,3.0217,0
103,4,50000,181.24,12,0.034935,7.6674,0
103,4,50000,181.24,40,0.019007,2.22,0
103,4,50000,181.24,36,0.002948,0.4461,0
103,4,50000,181.24,19,0.005152,0.6464,0
103,4,50000,181.24,2,0.067891,7.1843,0
103,4,50000,181.24,41,0.009101,1.1845,0
103,4,50000,181.24,17,0.01381,2.6963,0
103,4,50000,181.24,4,0.126598,31.381,1
103,4,50000,181.24,37,0.010806,2.7421,0
103,4,50000,181.24,39,0.033204,6.4166,0
103,4,50000,181.24,41,0.021259,4.1225,0
103,4,50000,181.24,36,0.03553,6.3735,0
103,4,50000,181.24,39,0.006588,0.9315,0
103,4,50000,181.24,15,0.026335,3.0286,0
103,4,50000,181.24,16,0.051048,12.0476,0
103,4,50000,181.24,31,0.020158,1.9637,0
103,4,50000,181.24,41,0.030291,5.7397,0
103,4,50000,181.24,7,0.003965,0.9474,0
103,4,50000,181.24,39,0.048662,11.6526,0
103,4,50000,181.24,12,0.018584,1.6879,0
103,4,50000,181.24,24,0.000213,0.0336,0
103,4,50000,181.24,2,0.025309,4.6542,0
103,4,50000,181.24,12,0.00932,2.0166,0
